0.318114,0.516006,0.741100,0.807507,0.770753,0.740119,0.736961,0.723831,0.725834,0.725875,0.726006,0.719438,0.705115,0.695433,0.644076,0.634260,0.623383,0.584818,0.585886,0.597809,0.591947,0.635254,0.637371,0.613645,0.581918,0.568287,0.563383,0.558779,0.559924,0.538230,0.536455,0.529324,0.524794,0.520640,0.507588,0.489820,0.476500,0.455961,0.439238,0.433609,0.427062,0.417917,0.414209,0.416921,0.415445,0.415819,0.412989,0.418267,0.417897,0.419232,0.400972,0.401078,0.393529,0.386961,0.367614,0.357017,0.329682,0.319627,0.315347,0.308091,0.300430,0.292857,0.282787,0.268906,0.256770,0.260145,0.259953,0.256595,0.255150,0.255100,0.253242,0.250488,0.247876,0.244321,0.237619,0.233328,0.220912,0.203054,0.203263,0.185391
0.323135,0.548247,0.800084,0.899289,0.861326,0.810849,0.800690,0.785684,0.781040,0.783865,0.778881,0.767479,0.743869,0.732438,0.669970,0.660401,0.649418,0.603301,0.606696,0.620720,0.616921,0.677130,0.680269,0.649308,0.615022,0.601286,0.594052,0.588069,0.589523,0.565731,0.563118,0.554706,0.551835,0.546967,0.533227,0.514456,0.500361,0.476373,0.459345,0.453612,0.447020,0.436630,0.432728,0.435275,0.432872,0.434693,0.428283,0.433850,0.435283,0.438984,0.418896,0.419962,0.412017,0.404586,0.385305,0.373391,0.340441,0.327638,0.321803,0.313369,0.303787,0.295355,0.284665,0.270536,0.258509,0.262094,0.262498,0.258897,0.257339,0.257274,0.256125,0.253602,0.251261,0.247495,0.240624,0.236507,0.224728,0.206760,0.208045,0.193078
0.321867,0.546258,0.798135,0.913138,0.888315,0.836826,0.830208,0.817180,0.811600,0.815922,0.808496,0.796140,0.769904,0.756757,0.690999,0.682071,0.670370,0.620785,0.623134,0.638802,0.635691,0.697824,0.701320,0.665985,0.630767,0.617550,0.609034,0.603453,0.604401,0.579368,0.576743,0.568859,0.564830,0.559333,0.544231,0.525137,0.511124,0.486353,0.469101,0.462904,0.456083,0.445427,0.441363,0.443467,0.440186,0.442296,0.435299,0.441063,0.443385,0.447680,0.427384,0.428990,0.421009,0.413687,0.394745,0.382332,0.348967,0.336318,0.329998,0.321479,0.311270,0.302444,0.291707,0.277651,0.266203,0.269889,0.270139,0.266302,0.264460,0.264360,0.263103,0.260567,0.258281,0.254645,0.247520,0.243564,0.232050,0.214032,0.214959,0.199249
0.330182,0.553300,0.808464,0.938878,0.948162,0.900991,0.883911,0.871661,0.865968,0.876315,0.868149,0.855985,0.828622,0.812349,0.745202,0.735276,0.721703,0.673069,0.676118,0.690749,0.686759,0.746887,0.749331,0.714130,0.672621,0.658500,0.650058,0.644329,0.645974,0.620879,0.619055,0.611448,0.608924,0.603588,0.588662,0.569430,0.554707,0.529630,0.511775,0.505823,0.498732,0.487815,0.483505,0.485304,0.480341,0.481766,0.475538,0.481149,0.482552,0.484458,0.462703,0.464484,0.456708,0.447973,0.427537,0.414515,0.379245,0.365527,0.359471,0.351113,0.340742,0.331216,0.319140,0.303574,0.291157,0.295449,0.295962,0.291772,0.290089,0.290262,0.288871,0.286529,0.283923,0.279947,0.271761,0.267132,0.254219,0.234017,0.233677,0.216104
0.338611,0.553875,0.806303,0.927359,0.947353,0.919329,0.903281,0.892152,0.889345,0.899191,0.896553,0.886999,0.863544,0.847892,0.787021,0.777090,0.762871,0.717050,0.719091,0.731671,0.726547,0.779137,0.780604,0.746186,0.702196,0.687379,0.679781,0.673639,0.675092,0.650316,0.649542,0.643483,0.642485,0.638092,0.623683,0.604213,0.589665,0.566052,0.547693,0.541260,0.533599,0.522549,0.518391,0.520577,0.514419,0.515041,0.511710,0.518462,0.519666,0.519215,0.497328,0.498522,0.490660,0.481328,0.460518,0.446794,0.411922,0.398527,0.392876,0.385136,0.375273,0.365500,0.352583,0.336428,0.322931,0.327612,0.327439,0.323455,0.321692,0.322232,0.320628,0.318198,0.315162,0.310919,0.302138,0.297448,0.283432,0.261165,0.258694,0.237300
0.338595,0.544102,0.784421,0.901335,0.932889,0.916722,0.907676,0.898484,0.899669,0.909216,0.908526,0.900044,0.879392,0.864007,0.805234,0.795732,0.780180,0.732976,0.733543,0.746653,0.742872,0.792270,0.793689,0.758748,0.714835,0.700636,0.692780,0.687005,0.688232,0.663385,0.662743,0.656903,0.655002,0.650799,0.635811,0.616053,0.602295,0.579237,0.560399,0.553199,0.544710,0.533936,0.529747,0.531940,0.525121,0.525495,0.523004,0.529947,0.531815,0.530692,0.509251,0.510163,0.501375,0.491863,0.470760,0.456634,0.422397,0.408017,0.402109,0.395232,0.385607,0.376089,0.362491,0.346417,0.332898,0.337998,0.338064,0.334299,0.332466,0.333094,0.331558,0.329120,0.326170,0.322229,0.313620,0.309190,0.295090,0.272153,0.269048,0.247433
0.319180,0.512633,0.748290,0.860489,0.896518,0.909793,0.908631,0.903831,0.905803,0.912488,0.915883,0.912151,0.896938,0.885878,0.837953,0.833863,0.821004,0.775416,0.776245,0.788932,0.785049,0.823614,0.823687,0.789287,0.747033,0.733540,0.726344,0.720895,0.721146,0.695421,0.695331,0.691011,0.688984,0.685562,0.670876,0.652319,0.640825,0.619943,0.602377,0.595048,0.586276,0.575085,0.570431,0.571269,0.563309,0.561796,0.559919,0.566818,0.568299,0.564303,0.541643,0.542146,0.531870,0.522290,0.500665,0.486654,0.452709,0.438848,0.432915,0.425821,0.415490,0.405737,0.391827,0.376307,0.362879,0.368049,0.367505,0.364061,0.362258,0.363141,0.361776,0.359373,0.356075,0.352121,0.343811,0.339572,0.326121,0.302365,0.296435,0.271624
0.274496,0.438506,0.654747,0.748713,0.774498,0.805927,0.817244,0.815596,0.825370,0.834256,0.848542,0.852230,0.854493,0.855199,0.829967,0.833088,0.830386,0.792747,0.787095,0.795974,0.795629,0.811150,0.808416,0.775540,0.761451,0.756827,0.747942,0.750783,0.748672,0.718008,0.716624,0.716584,0.709111,0.703642,0.687177,0.668056,0.658910,0.643525,0.626106,0.617563,0.609635,0.597989,0.593719,0.594360,0.584815,0.581473,0.587701,0.594601,0.596251,0.588847,0.567579,0.567005,0.554135,0.544120,0.522105,0.512520,0.485273,0.472456,0.465787,0.458489,0.447971,0.438514,0.423812,0.408273,0.394080,0.398966,0.396928,0.395134,0.393117,0.395070,0.394934,0.392591,0.389501,0.385440,0.378721,0.375680,0.362952,0.338511,0.328690,0.298951
0.285994,0.460652,0.689175,0.788937,0.814891,0.843478,0.850587,0.847942,0.855316,0.862391,0.873781,0.876202,0.875411,0.876291,0.847254,0.850309,0.846477,0.808594,0.804892,0.813490,0.812126,0.831511,0.829117,0.796494,0.777417,0.771146,0.763323,0.764756,0.763657,0.733866,0.733273,0.732450,0.726051,0.721357,0.705499,0.685925,0.675864,0.659578,0.641714,0.634011,0.626067,0.614026,0.609994,0.611085,0.601340,0.598030,0.603168,0.610539,0.612235,0.605031,0.583098,0.582701,0.569864,0.559375,0.537410,0.526411,0.496300,0.482497,0.475641,0.468017,0.457303,0.447352,0.432602,0.416575,0.402175,0.407322,0.405610,0.403586,0.401738,0.403651,0.403492,0.401391,0.398234,0.394055,0.387132,0.384087,0.370718,0.344916,0.335154,0.305708
0.275128,0.439155,0.660645,0.750488,0.777697,0.821061,0.830268,0.831008,0.841097,0.848357,0.860104,0.865089,0.866255,0.868760,0.842689,0.851013,0.848962,0.814864,0.811628,0.820317,0.817595,0.830401,0.825521,0.800861,0.782677,0.776842,0.770604,0.772895,0.772778,0.744943,0.744928,0.741971,0.735437,0.731469,0.716088,0.698528,0.689510,0.673903,0.658122,0.652096,0.646047,0.634594,0.630095,0.629710,0.618112,0.614169,0.618435,0.624521,0.626015,0.617850,0.595539,0.595326,0.581605,0.570938,0.548824,0.537512,0.506313,0.492405,0.485794,0.477970,0.466987,0.456795,0.441837,0.425803,0.411925,0.417103,0.415640,0.413268,0.411708,0.413653,0.412930,0.411198,0.408549,0.404302,0.396691,0.392559,0.379447,0.354123,0.344573,0.313001
0.271051,0.435584,0.655464,0.745820,0.773184,0.813531,0.822334,0.823323,0.831875,0.839819,0.850781,0.855839,0.856264,0.859121,0.832741,0.841842,0.839891,0.805360,0.802329,0.811447,0.808534,0.822904,0.818459,0.792858,0.774815,0.768964,0.762696,0.764916,0.765128,0.738302,0.737744,0.734194,0.727315,0.723153,0.708146,0.690521,0.680954,0.665031,0.650060,0.644219,0.638861,0.627490,0.623158,0.622854,0.612066,0.608134,0.611496,0.616891,0.618822,0.611618,0.589204,0.589172,0.575641,0.564953,0.542661,0.531547,0.500375,0.486786,0.479910,0.471848,0.460547,0.450615,0.435545,0.419479,0.405818,0.410856,0.409689,0.407188,0.405640,0.407576,0.406901,0.405245,0.402837,0.398648,0.391256,0.387041,0.374155,0.349400,0.340763,0.309630
0.276438,0.448488,0.677619,0.769559,0.792991,0.829900,0.832954,0.833378,0.842025,0.850643,0.862558,0.868284,0.868483,0.870994,0.845095,0.851519,0.847270,0.814268,0.812265,0.820922,0.816985,0.836669,0.832336,0.808309,0.781892,0.773282,0.767307,0.767232,0.768124,0.742585,0.742497,0.739292,0.734445,0.731355,0.717887,0.700471,0.689570,0.673435,0.658701,0.653443,0.648032,0.637015,0.633123,0.633669,0.623842,0.620218,0.622995,0.628395,0.630033,0.623205,0.600245,0.600075,0.587463,0.576263,0.553775,0.542121,0.508804,0.495081,0.488343,0.479973,0.468856,0.458258,0.442888,0.426043,0.411955,0.417254,0.416264,0.413365,0.411931,0.413720,0.412565,0.410848,0.407968,0.403468,0.395405,0.390699,0.376238,0.350067,0.341134,0.308382
0.283349,0.454618,0.685397,0.776325,0.800611,0.834693,0.836252,0.836347,0.855286,0.863594,0.881366,0.889721,0.896785,0.901269,0.883701,0.887743,0.883173,0.851452,0.849219,0.857907,0.855579,0.871829,0.869194,0.845601,0.816032,0.806337,0.799631,0.798893,0.798967,0.772962,0.772760,0.771563,0.767512,0.764798,0.751227,0.732923,0.720406,0.703936,0.686845,0.681319,0.675211,0.664790,0.661659,0.664243,0.654073,0.650220,0.656282,0.661470,0.663158,0.654549,0.630875,0.630437,0.618025,0.605074,0.581705,0.569432,0.536788,0.523690,0.517012,0.507856,0.497318,0.486069,0.469544,0.450940,0.435427,0.441189,0.440072,0.436690,0.435145,0.436839,0.435024,0.432585,0.429003,0.424035,0.414762,0.408870,0.391910,0.363216,0.353759,0.318787
0.269173,0.417388,0.635456,0.703905,0.727148,0.772977,0.773124,0.772753,0.808980,0.810879,0.839788,0.855831,0.880500,0.893460,0.905484,0.907936,0.904681,0.889375,0.885046,0.888070,0.883599,0.879347,0.877358,0.864587,0.834693,0.821331,0.818712,0.815187,0.815230,0.792109,0.794989,0.803888,0.802915,0.801530,0.790784,0.773085,0.758365,0.747563,0.727817,0.723330,0.717490,0.707709,0.705840,0.710790,0.699000,0.692924,0.707894,0.714579,0.713691,0.699137,0.676052,0.674416,0.661346,0.645995,0.623627,0.609932,0.580853,0.572567,0.567831,0.558532,0.551535,0.538796,0.521393,0.500097,0.482694,0.489394,0.487328,0.483173,0.481949,0.483809,0.480935,0.478550,0.473761,0.468086,0.456770,0.448673,0.426833,0.393752,0.381443,0.340134
0.263008,0.410670,0.628038,0.693855,0.712700,0.758047,0.757047,0.755872,0.795930,0.795956,0.826838,0.843910,0.871518,0.886802,0.904337,0.906885,0.903369,0.890080,0.886175,0.889279,0.886531,0.883407,0.882046,0.874093,0.844669,0.830744,0.828031,0.823054,0.822855,0.799607,0.802480,0.812002,0.812623,0.811337,0.801290,0.783962,0.768630,0.758887,0.739657,0.735879,0.730627,0.721621,0.719686,0.725013,0.713082,0.707187,0.722413,0.729143,0.728048,0.713010,0.689683,0.688118,0.675497,0.659367,0.637384,0.622951,0.592201,0.582752,0.578108,0.568921,0.561768,0.548455,0.530121,0.508297,0.490083,0.496998,0.495386,0.491186,0.490300,0.492092,0.489222,0.486853,0.481861,0.476014,0.464442,0.455655,0.433308,0.399875,0.387610,0.345573
0.241751,0.381954,0.588551,0.648160,0.663234,0.710902,0.712543,0.711882,0.754044,0.752089,0.785209,0.804348,0.838638,0.858367,0.887125,0.893063,0.895580,0.884542,0.880437,0.883694,0.886060,0.878038,0.881173,0.874499,0.856236,0.844516,0.843490,0.838754,0.836765,0.813437,0.815390,0.829488,0.829554,0.827816,0.816461,0.798660,0.784253,0.777671,0.758277,0.753667,0.747933,0.738100,0.736051,0.741995,0.729469,0.722238,0.740266,0.747343,0.746298,0.729739,0.705017,0.703099,0.687774,0.672395,0.649044,0.635089,0.608113,0.600799,0.595729,0.585766,0.579169,0.565357,0.547655,0.525406,0.507452,0.514093,0.511386,0.507211,0.505765,0.507203,0.504043,0.500912,0.495405,0.489386,0.478115,0.469045,0.446849,0.412598,0.399249,0.355224
0.237391,0.379555,0.585562,0.646092,0.658327,0.703559,0.704284,0.702791,0.741699,0.739403,0.772298,0.791207,0.824080,0.844845,0.876530,0.884173,0.887679,0.878153,0.875221,0.878476,0.884036,0.880382,0.884920,0.876934,0.861384,0.850541,0.849692,0.845029,0.842897,0.819824,0.821688,0.836940,0.838147,0.836438,0.826425,0.809811,0.796702,0.791743,0.773259,0.768773,0.763526,0.753724,0.751951,0.757958,0.746285,0.739110,0.756133,0.763084,0.762374,0.746361,0.721602,0.719456,0.703482,0.688548,0.665249,0.651440,0.623609,0.616170,0.610608,0.599943,0.592890,0.577986,0.560145,0.537899,0.519924,0.526837,0.523979,0.519848,0.518375,0.519859,0.516827,0.513827,0.508104,0.501842,0.490416,0.481077,0.458472,0.423577,0.409475,0.363128
0.237325,0.383196,0.591603,0.654287,0.664513,0.707708,0.708079,0.706298,0.741329,0.738381,0.769709,0.787257,0.817013,0.837172,0.866517,0.875692,0.878760,0.868613,0.866814,0.870347,0.878235,0.882117,0.887355,0.880872,0.866885,0.856241,0.855235,0.849919,0.847732,0.825956,0.827860,0.841779,0.844467,0.842641,0.833270,0.817567,0.805007,0.800125,0.783041,0.779182,0.774902,0.765372,0.763638,0.769298,0.756041,0.749673,0.764348,0.771757,0.771849,0.756016,0.731251,0.729778,0.713291,0.697870,0.675740,0.660620,0.629058,0.619956,0.614065,0.603700,0.596068,0.580595,0.562344,0.540247,0.522173,0.529260,0.526847,0.522201,0.520677,0.522312,0.519253,0.516569,0.511108,0.504743,0.492853,0.482882,0.460200,0.425183,0.412290,0.365453
0.232673,0.375664,0.581727,0.643513,0.653606,0.698980,0.699895,0.697909,0.733379,0.729158,0.759577,0.776967,0.806074,0.827587,0.856777,0.867990,0.872491,0.866210,0.865643,0.868815,0.878007,0.882686,0.886642,0.885714,0.875598,0.867423,0.867667,0.863442,0.862070,0.841206,0.844102,0.857136,0.859827,0.859402,0.851184,0.836839,0.825185,0.822128,0.805695,0.802004,0.797512,0.788905,0.787406,0.792724,0.779357,0.773745,0.788736,0.796076,0.797481,0.782032,0.758751,0.757308,0.742059,0.725797,0.704680,0.690362,0.656487,0.645647,0.638919,0.628439,0.620051,0.603261,0.585007,0.562481,0.543817,0.551272,0.549649,0.544922,0.543961,0.545780,0.542527,0.539892,0.534049,0.527180,0.514339,0.503338,0.478791,0.442572,0.429438,0.381304
0.225932,0.365569,0.566371,0.625334,0.632898,0.677706,0.678166,0.676388,0.708536,0.704901,0.733245,0.749688,0.775753,0.795403,0.819976,0.832774,0.836651,0.829867,0.829819,0.833718,0.843759,0.853623,0.859152,0.863170,0.854045,0.846576,0.848532,0.843709,0.843459,0.826714,0.829041,0.841302,0.844005,0.843490,0.835631,0.823213,0.811176,0.807305,0.793743,0.791298,0.788397,0.781450,0.779890,0.785204,0.770804,0.767043,0.778735,0.785122,0.787493,0.773164,0.750726,0.749799,0.735983,0.719672,0.700202,0.686696,0.649825,0.639170,0.631288,0.620160,0.610166,0.592263,0.574490,0.552816,0.535095,0.542489,0.541201,0.536001,0.535353,0.537530,0.534474,0.532126,0.526895,0.520055,0.506835,0.494387,0.469673,0.434728,0.423771,0.376780
0.224713,0.364680,0.564837,0.626482,0.634133,0.679358,0.679773,0.677810,0.706636,0.702377,0.729324,0.744630,0.767677,0.786396,0.808905,0.822548,0.826808,0.820899,0.821618,0.825866,0.838625,0.850605,0.855086,0.857249,0.848932,0.842012,0.843483,0.839493,0.839493,0.822248,0.824808,0.835111,0.839150,0.840381,0.833849,0.823002,0.810961,0.806562,0.794499,0.792447,0.790136,0.783665,0.782242,0.787704,0.774862,0.772178,0.785522,0.791709,0.797714,0.785999,0.766116,0.764571,0.753907,0.737267,0.719761,0.708192,0.672094,0.660438,0.651643,0.640030,0.629263,0.610833,0.593327,0.571969,0.553984,0.561396,0.560509,0.555247,0.554669,0.557052,0.553821,0.551130,0.545881,0.538638,0.524723,0.512024,0.486230,0.450102,0.438555,0.388965
0.226957,0.370100,0.571353,0.633876,0.640017,0.679341,0.679005,0.675895,0.701638,0.698091,0.723290,0.736783,0.756499,0.774309,0.792137,0.806320,0.810613,0.803021,0.804448,0.809246,0.823663,0.841356,0.847052,0.849131,0.842154,0.835193,0.836402,0.832330,0.832628,0.815818,0.818209,0.827815,0.831775,0.832802,0.825371,0.814654,0.801915,0.796644,0.785435,0.783902,0.781954,0.775886,0.774471,0.780214,0.766520,0.764963,0.777121,0.784171,0.792875,0.783182,0.764339,0.763421,0.754227,0.738133,0.721510,0.709763,0.672587,0.660310,0.650942,0.638602,0.626676,0.607501,0.590501,0.569893,0.552540,0.559753,0.558978,0.553609,0.553206,0.555713,0.552763,0.549928,0.544963,0.537831,0.524241,0.511053,0.485671,0.450581,0.440742,0.393358
0.212284,0.342161,0.534251,0.589154,0.593711,0.637565,0.637755,0.635184,0.661410,0.657442,0.684873,0.700715,0.724447,0.745788,0.772953,0.789654,0.798065,0.798095,0.798708,0.801478,0.818459,0.828668,0.832194,0.833662,0.835986,0.831044,0.830538,0.829670,0.828704,0.811524,0.814367,0.825040,0.828298,0.829661,0.822915,0.813353,0.801320,0.799656,0.789194,0.787960,0.786991,0.781843,0.781744,0.788494,0.774791,0.772864,0.792392,0.801877,0.815158,0.807262,0.792996,0.792271,0.785145,0.768527,0.753083,0.742184,0.712559,0.699413,0.691377,0.678851,0.667556,0.647981,0.629906,0.608354,0.589767,0.597284,0.596413,0.590871,0.590503,0.592859,0.589212,0.585677,0.579983,0.572091,0.557754,0.543648,0.516329,0.479810,0.468000,0.416197
0.202364,0.322510,0.508248,0.557112,0.559263,0.608705,0.609734,0.607582,0.634659,0.628346,0.656867,0.673785,0.699487,0.722751,0.753712,0.770620,0.780719,0.787598,0.789314,0.790499,0.806726,0.810598,0.810511,0.812855,0.814965,0.810212,0.809246,0.809919,0.808903,0.791523,0.795549,0.805491,0.809923,0.812267,0.807328,0.799095,0.788172,0.790473,0.780358,0.780097,0.779950,0.775942,0.776242,0.783445,0.769979,0.768269,0.793210,0.804827,0.819703,0.811827,0.802209,0.801813,0.797278,0.781749,0.769077,0.759815,0.734352,0.721110,0.714480,0.703597,0.693378,0.674010,0.656023,0.634554,0.615307,0.623030,0.622777,0.617139,0.617071,0.619080,0.614619,0.611111,0.604958,0.596565,0.580992,0.565764,0.536249,0.498319,0.485263,0.429738
0.199587,0.318403,0.504486,0.554413,0.556369,0.605417,0.606102,0.604693,0.633230,0.626467,0.656953,0.675283,0.703323,0.727667,0.762878,0.777642,0.787950,0.799582,0.800484,0.800689,0.816282,0.817475,0.815172,0.814519,0.815137,0.810060,0.806887,0.807466,0.805621,0.787729,0.791422,0.802729,0.806827,0.809994,0.805460,0.796604,0.785141,0.789035,0.777533,0.776998,0.776692,0.772646,0.773933,0.782092,0.769169,0.767005,0.796516,0.810665,0.827266,0.819549,0.813896,0.813112,0.812149,0.797999,0.785955,0.777112,0.757836,0.744612,0.738803,0.729400,0.721152,0.702956,0.684882,0.663282,0.643146,0.650703,0.650111,0.644242,0.643902,0.645217,0.639901,0.636027,0.628773,0.619940,0.603850,0.588397,0.557205,0.516991,0.501815,0.444159
0.196335,0.311686,0.491705,0.540745,0.544544,0.592992,0.594538,0.593202,0.622087,0.615102,0.644432,0.662207,0.690298,0.714709,0.749933,0.764406,0.775525,0.788628,0.790008,0.790266,0.806398,0.805615,0.802910,0.801042,0.803025,0.799285,0.796115,0.797961,0.796123,0.777841,0.781811,0.792617,0.796668,0.800673,0.796447,0.787445,0.777125,0.783179,0.771312,0.770522,0.769965,0.765464,0.767205,0.774846,0.762935,0.760346,0.791451,0.807214,0.824841,0.818759,0.816305,0.815126,0.815491,0.803708,0.793804,0.784939,0.767926,0.754272,0.749220,0.740703,0.733591,0.717136,0.699609,0.678682,0.658278,0.665414,0.664878,0.659397,0.658871,0.659764,0.653802,0.649668,0.642166,0.633061,0.617101,0.602112,0.571046,0.529754,0.512538,0.452582
0.183859,0.291507,0.460704,0.506495,0.510189,0.559154,0.560228,0.559708,0.586882,0.580401,0.608491,0.626338,0.654141,0.677664,0.712457,0.726947,0.738283,0.753162,0.754200,0.754693,0.772478,0.772139,0.769429,0.768098,0.770290,0.767429,0.763888,0.766230,0.764148,0.747489,0.751932,0.762197,0.765996,0.770929,0.767524,0.759860,0.750248,0.757725,0.746748,0.746559,0.746488,0.743226,0.745717,0.753506,0.743000,0.741223,0.774020,0.791316,0.813470,0.811306,0.814449,0.813504,0.817782,0.807146,0.802085,0.794171,0.782316,0.768922,0.764083,0.756258,0.749810,0.734274,0.718178,0.698579,0.678946,0.684903,0.684449,0.678493,0.677664,0.677764,0.670529,0.665659,0.657296,0.647491,0.630460,0.614222,0.582139,0.539988,0.521476,0.458233
0.176249,0.280181,0.444888,0.488906,0.492214,0.539894,0.541400,0.541522,0.569669,0.563038,0.590886,0.609136,0.637834,0.661722,0.698290,0.712654,0.724720,0.741034,0.741886,0.742458,0.761248,0.759640,0.756929,0.754520,0.757423,0.754977,0.751002,0.753417,0.750875,0.733966,0.738489,0.748988,0.752352,0.757167,0.753705,0.746248,0.737032,0.745138,0.734000,0.733576,0.733302,0.730864,0.733772,0.742240,0.732538,0.731346,0.765735,0.783691,0.807531,0.807338,0.814346,0.813146,0.822228,0.813852,0.811012,0.805411,0.800062,0.787634,0.783721,0.776270,0.770228,0.755810,0.740666,0.721796,0.702751,0.707771,0.707749,0.701560,0.700448,0.699863,0.691866,0.686116,0.677105,0.666639,0.649225,0.632370,0.599663,0.556432,0.536810,0.472249
0.162990,0.259246,0.414056,0.454227,0.455424,0.502152,0.503138,0.503813,0.531393,0.524660,0.552286,0.570777,0.599419,0.623590,0.661601,0.675632,0.688049,0.705351,0.706075,0.706205,0.725163,0.723359,0.721480,0.720623,0.726001,0.723178,0.718229,0.719885,0.716324,0.700979,0.704899,0.715829,0.718651,0.723153,0.719526,0.713286,0.704537,0.713003,0.702195,0.701566,0.701261,0.699180,0.702198,0.710790,0.700973,0.699451,0.735294,0.754243,0.782740,0.785893,0.799455,0.798720,0.813030,0.807015,0.805605,0.801233,0.814271,0.801471,0.800742,0.792555,0.787542,0.774221,0.758808,0.740968,0.721678,0.726030,0.725753,0.718794,0.717507,0.715835,0.706674,0.699757,0.689360,0.678430,0.659928,0.642219,0.608539,0.564812,0.544976,0.478423
0.151062,0.241523,0.387956,0.424935,0.425125,0.468090,0.469514,0.470251,0.495075,0.488498,0.514306,0.531481,0.557200,0.579502,0.614826,0.628960,0.641000,0.656843,0.657444,0.657777,0.678699,0.682021,0.681849,0.680629,0.685343,0.682433,0.677946,0.678459,0.674740,0.661256,0.665199,0.676660,0.680341,0.684359,0.680855,0.676704,0.668206,0.676310,0.667576,0.668272,0.668784,0.668815,0.672462,0.681488,0.671570,0.672785,0.706440,0.725336,0.753965,0.758547,0.774070,0.775235,0.791515,0.784553,0.787026,0.783599,0.794035,0.782268,0.782035,0.774402,0.767563,0.753388,0.737557,0.720030,0.701316,0.705410,0.705917,0.699359,0.698323,0.697095,0.688775,0.682241,0.672104,0.661053,0.642204,0.623825,0.590681,0.548335,0.530097,0.464651
0.149080,0.237329,0.379318,0.415414,0.415715,0.458542,0.459412,0.460073,0.484829,0.478450,0.504354,0.521640,0.548098,0.570650,0.605576,0.619722,0.631657,0.647002,0.647316,0.647650,0.667769,0.669055,0.668898,0.668814,0.675132,0.673135,0.668929,0.669234,0.665355,0.651809,0.655677,0.666415,0.670141,0.674070,0.670601,0.666056,0.658124,0.666072,0.657025,0.656946,0.657388,0.657003,0.660226,0.669199,0.659349,0.660277,0.694287,0.713842,0.742805,0.747894,0.764308,0.764989,0.783117,0.778176,0.780194,0.775829,0.792904,0.782023,0.784482,0.777466,0.772320,0.760900,0.745705,0.729468,0.710155,0.713927,0.713946,0.707216,0.705417,0.703224,0.693780,0.685975,0.675026,0.663472,0.644726,0.627295,0.593819,0.550752,0.531293,0.465064
0.150310,0.238496,0.376978,0.413741,0.414344,0.453594,0.454791,0.455369,0.478083,0.473122,0.497225,0.513181,0.537097,0.558462,0.589675,0.604428,0.616485,0.628262,0.628690,0.630202,0.650405,0.654384,0.655170,0.654416,0.662618,0.661212,0.656679,0.657619,0.653549,0.639804,0.643426,0.653118,0.656334,0.659400,0.655058,0.650859,0.643653,0.650761,0.642400,0.641909,0.642106,0.641383,0.644143,0.652063,0.642137,0.643439,0.674975,0.694024,0.723606,0.729560,0.746174,0.747301,0.765672,0.762172,0.764552,0.760158,0.778232,0.767587,0.770882,0.764802,0.759193,0.749259,0.734802,0.720223,0.701218,0.704180,0.704216,0.697132,0.695032,0.692047,0.682042,0.673517,0.662242,0.650688,0.632101,0.614720,0.582401,0.540331,0.521809,0.455561
0.147489,0.233650,0.370264,0.405841,0.406645,0.446857,0.448570,0.449560,0.471801,0.466820,0.490849,0.506879,0.530670,0.551748,0.583159,0.598057,0.610371,0.621643,0.621997,0.623336,0.643666,0.646323,0.647087,0.645243,0.653952,0.653028,0.648786,0.649884,0.645738,0.632238,0.636077,0.645839,0.649186,0.652011,0.647263,0.643382,0.636340,0.642911,0.635077,0.634984,0.635152,0.634632,0.637434,0.645228,0.635130,0.636966,0.668049,0.686808,0.714947,0.720154,0.735526,0.737225,0.754274,0.750050,0.752809,0.748381,0.763016,0.752807,0.757273,0.751510,0.744929,0.735444,0.720565,0.706106,0.686877,0.689638,0.689335,0.682653,0.680427,0.677682,0.668162,0.659761,0.648745,0.637340,0.619228,0.602739,0.571196,0.529764,0.511059,0.445954
0.150327,0.235348,0.368629,0.404463,0.406450,0.445359,0.447116,0.448252,0.470196,0.466077,0.489076,0.504660,0.527682,0.547623,0.576815,0.591234,0.603376,0.613949,0.614182,0.615800,0.635781,0.638629,0.638992,0.636899,0.645258,0.644845,0.640086,0.641367,0.636806,0.622957,0.626726,0.635912,0.638280,0.640728,0.635134,0.631077,0.623916,0.630799,0.622908,0.622911,0.623333,0.622795,0.625495,0.632729,0.622457,0.624013,0.655286,0.674758,0.703060,0.708777,0.725362,0.727124,0.744895,0.741783,0.745224,0.739979,0.756192,0.746491,0.751143,0.745767,0.739780,0.731824,0.717419,0.704114,0.685250,0.687615,0.687274,0.680381,0.678117,0.674901,0.664809,0.656311,0.645015,0.633589,0.615381,0.598951,0.567691,0.526565,0.507391,0.441637
0.153972,0.235874,0.364992,0.398389,0.400807,0.439058,0.440934,0.442432,0.464592,0.460987,0.483272,0.498738,0.521543,0.540997,0.569221,0.583637,0.595806,0.606997,0.606785,0.608605,0.628701,0.629835,0.629468,0.627512,0.636255,0.636113,0.631618,0.633868,0.629335,0.614768,0.618163,0.626971,0.628229,0.631019,0.625132,0.620322,0.612476,0.619192,0.610696,0.610514,0.610943,0.610753,0.613794,0.621369,0.611619,0.612757,0.643739,0.662625,0.691153,0.696983,0.713735,0.715386,0.733494,0.730335,0.734112,0.729646,0.746601,0.737854,0.741110,0.735684,0.730617,0.722224,0.708447,0.694569,0.676100,0.678774,0.678999,0.672519,0.670874,0.668511,0.659064,0.651436,0.640750,0.629630,0.611400,0.594605,0.562861,0.521889,0.502738,0.437067
0.152198,0.233061,0.360697,0.393482,0.395872,0.431622,0.432940,0.434427,0.455583,0.452097,0.472929,0.487724,0.508887,0.526807,0.552702,0.566656,0.578238,0.588246,0.588628,0.590872,0.610796,0.612906,0.613033,0.611637,0.617745,0.616967,0.612219,0.613684,0.609458,0.596085,0.599414,0.608151,0.609762,0.612150,0.605649,0.601156,0.592999,0.598891,0.590639,0.591119,0.591864,0.591904,0.594901,0.602205,0.591803,0.593384,0.623024,0.642307,0.671103,0.677235,0.693701,0.695697,0.714242,0.711207,0.715987,0.711512,0.728328,0.720155,0.724160,0.718712,0.713449,0.706229,0.693593,0.681370,0.663755,0.665734,0.665780,0.659048,0.657463,0.654744,0.645011,0.637094,0.626518,0.615449,0.597480,0.580861,0.550008,0.510238,0.491582,0.427525
0.154219,0.235562,0.363593,0.395968,0.397718,0.432023,0.432672,0.434255,0.454975,0.452636,0.473410,0.487652,0.508310,0.525599,0.550502,0.564367,0.575485,0.584930,0.584500,0.586688,0.606224,0.608779,0.608916,0.607917,0.614715,0.613891,0.608754,0.611037,0.606731,0.593408,0.596958,0.605637,0.606266,0.608176,0.601664,0.597300,0.588950,0.594791,0.586535,0.587053,0.587982,0.587942,0.590851,0.598185,0.587867,0.588865,0.618001,0.636857,0.665974,0.672693,0.688659,0.690461,0.707832,0.704598,0.709056,0.704307,0.720257,0.712018,0.715002,0.709610,0.704587,0.697439,0.684544,0.671586,0.653788,0.656217,0.657001,0.650142,0.648896,0.646413,0.636728,0.628890,0.618586,0.607687,0.589721,0.572945,0.541998,0.502556,0.484766,0.420972
0.157506,0.237882,0.363332,0.395605,0.398508,0.433055,0.434053,0.436002,0.456250,0.454540,0.474731,0.488999,0.509384,0.526331,0.550453,0.564293,0.575272,0.584475,0.583605,0.586002,0.605626,0.608383,0.608467,0.606460,0.613410,0.613127,0.608112,0.610550,0.606067,0.592652,0.596191,0.604836,0.604715,0.606774,0.600198,0.595944,0.587850,0.594020,0.585730,0.586174,0.587060,0.587059,0.589954,0.597283,0.587162,0.588135,0.616882,0.635611,0.664422,0.671367,0.687552,0.689357,0.706442,0.703408,0.707853,0.702795,0.718641,0.710558,0.713260,0.708082,0.703213,0.696129,0.683443,0.670379,0.652878,0.655300,0.656076,0.649368,0.648056,0.645699,0.635984,0.628253,0.617948,0.607133,0.589207,0.572454,0.541421,0.501863,0.483854,0.419438
0.156698,0.234935,0.357164,0.388442,0.391494,0.426083,0.428060,0.430102,0.450072,0.448123,0.468135,0.482303,0.502568,0.519598,0.544218,0.557943,0.568890,0.578320,0.577477,0.579925,0.599974,0.602953,0.603288,0.600280,0.607342,0.607076,0.602090,0.604286,0.599667,0.586067,0.589636,0.598808,0.598800,0.601224,0.594863,0.590608,0.582833,0.589436,0.580990,0.581571,0.582196,0.582134,0.585116,0.592381,0.582645,0.583574,0.612205,0.630815,0.659386,0.666245,0.683048,0.684728,0.702219,0.699892,0.705197,0.700618,0.716521,0.708957,0.711034,0.706355,0.701738,0.694450,0.682531,0.669800,0.653188,0.655343,0.656087,0.649638,0.648286,0.645949,0.636253,0.628807,0.618527,0.607791,0.589890,0.573073,0.542102,0.502338,0.483999,0.419337
0.158517,0.236159,0.357066,0.386659,0.388640,0.422499,0.423484,0.425357,0.445130,0.443275,0.462982,0.476969,0.496973,0.513500,0.537397,0.550625,0.561119,0.570669,0.570194,0.572535,0.591889,0.595347,0.595347,0.593454,0.598957,0.598185,0.593319,0.595151,0.590848,0.578023,0.581680,0.590681,0.590967,0.593534,0.587534,0.583539,0.575709,0.582571,0.574253,0.575074,0.575926,0.575992,0.579028,0.586295,0.576783,0.577771,0.606103,0.624837,0.653444,0.660365,0.677650,0.679165,0.697191,0.695526,0.701264,0.696686,0.712401,0.705033,0.707409,0.703190,0.699158,0.692274,0.680836,0.668301,0.651797,0.653785,0.654814,0.648172,0.646926,0.644388,0.634227,0.626625,0.616279,0.605419,0.587427,0.570433,0.539329,0.499598,0.481357,0.415909
0.159275,0.236042,0.355536,0.383852,0.385415,0.419032,0.419848,0.421662,0.440844,0.438852,0.458292,0.472147,0.491822,0.508263,0.532369,0.545586,0.555997,0.565630,0.565210,0.567510,0.586847,0.590674,0.591010,0.589139,0.594236,0.593211,0.588368,0.589758,0.585510,0.572972,0.576745,0.585886,0.586480,0.588988,0.583112,0.579117,0.571310,0.578272,0.570005,0.570925,0.571747,0.571862,0.574828,0.582027,0.572439,0.573413,0.601373,0.620296,0.648867,0.655805,0.673420,0.674879,0.693525,0.692447,0.698864,0.693939,0.710084,0.702941,0.705596,0.701519,0.697740,0.691031,0.680132,0.668134,0.652130,0.653846,0.654854,0.648049,0.646674,0.643899,0.633568,0.625784,0.615249,0.604282,0.586324,0.569431,0.538664,0.498976,0.480648,0.415052
0.159722,0.236775,0.356207,0.384269,0.385129,0.417735,0.418357,0.420114,0.438951,0.436944,0.456182,0.469842,0.489084,0.505365,0.529539,0.542679,0.553048,0.562273,0.562014,0.564446,0.583877,0.588586,0.589134,0.586930,0.591911,0.590728,0.585667,0.586844,0.582553,0.570169,0.573945,0.583167,0.583890,0.586232,0.580343,0.576325,0.568442,0.575308,0.567083,0.568013,0.568884,0.568905,0.571733,0.578960,0.569295,0.570243,0.597589,0.616439,0.644726,0.651309,0.668625,0.670063,0.688445,0.687294,0.693857,0.688814,0.704336,0.697269,0.699523,0.695314,0.691586,0.684449,0.673620,0.661445,0.645719,0.647514,0.648766,0.641949,0.640804,0.638039,0.627828,0.620278,0.609790,0.598843,0.580904,0.563866,0.533360,0.493877,0.475718,0.410437
0.161851,0.237889,0.354749,0.382119,0.383658,0.416329,0.416898,0.418614,0.437386,0.435425,0.454414,0.467928,0.486969,0.502938,0.526556,0.539561,0.549748,0.559087,0.558833,0.561415,0.580710,0.585540,0.585880,0.583847,0.588790,0.587628,0.582563,0.583793,0.579586,0.567424,0.571298,0.580057,0.580751,0.583286,0.577531,0.573496,0.565851,0.572930,0.564563,0.565270,0.565907,0.565803,0.568626,0.575667,0.566288,0.567092,0.594229,0.613120,0.641650,0.648438,0.666104,0.667221,0.685861,0.685197,0.691974,0.686982,0.703052,0.696111,0.698180,0.694251,0.690788,0.683942,0.673421,0.661436,0.645773,0.647380,0.648783,0.642007,0.640868,0.638003,0.627612,0.620036,0.609539,0.598643,0.580640,0.563557,0.533105,0.493747,0.475537,0.409817
0.164168,0.240391,0.357274,0.384463,0.386601,0.418256,0.418841,0.420430,0.439590,0.437562,0.456160,0.469522,0.488596,0.504298,0.527549,0.540269,0.550401,0.559528,0.559429,0.562182,0.581305,0.586015,0.586350,0.584219,0.588647,0.587397,0.582395,0.583819,0.579701,0.567223,0.571058,0.579851,0.580638,0.583029,0.577143,0.572798,0.565108,0.571970,0.563368,0.564017,0.564577,0.564288,0.567120,0.574024,0.564550,0.565250,0.592428,0.611290,0.639643,0.646206,0.663664,0.664751,0.682955,0.682477,0.688899,0.684174,0.699676,0.692667,0.694709,0.690890,0.687616,0.680792,0.670463,0.658198,0.642659,0.644365,0.646017,0.639285,0.638303,0.635449,0.625128,0.617594,0.607318,0.596492,0.578513,0.561356,0.530930,0.491642,0.473692,0.408412
0.166453,0.243338,0.360578,0.387556,0.389417,0.420932,0.421170,0.422856,0.441575,0.440127,0.458810,0.471990,0.490616,0.505831,0.528807,0.541235,0.551017,0.560092,0.559802,0.562433,0.581652,0.587017,0.587664,0.585307,0.588931,0.587316,0.582085,0.583469,0.579449,0.566838,0.570765,0.579900,0.580622,0.583014,0.577314,0.572839,0.565171,0.572074,0.563283,0.563749,0.564115,0.563671,0.566349,0.573334,0.563797,0.564056,0.590951,0.609802,0.637861,0.644210,0.661267,0.662334,0.680116,0.679725,0.685843,0.680994,0.695956,0.688809,0.690665,0.686696,0.683537,0.676540,0.666093,0.653575,0.638001,0.639904,0.641711,0.634932,0.634029,0.631372,0.621334,0.614025,0.603973,0.593353,0.575498,0.558366,0.527954,0.488814,0.471178,0.406503
0.171879,0.250568,0.369071,0.395674,0.397201,0.426829,0.426726,0.428321,0.446055,0.445482,0.464296,0.477179,0.495238,0.510327,0.531971,0.544527,0.553970,0.561469,0.560952,0.563900,0.582776,0.588617,0.589548,0.586304,0.589099,0.587063,0.581727,0.582893,0.579065,0.567070,0.570637,0.580861,0.581748,0.583827,0.577829,0.573120,0.565391,0.571662,0.563046,0.563812,0.564326,0.563615,0.566181,0.573131,0.563037,0.563048,0.588818,0.607296,0.634497,0.640348,0.656026,0.657325,0.673265,0.672896,0.678432,0.673530,0.686688,0.679880,0.681907,0.677444,0.674086,0.667102,0.656731,0.644257,0.629128,0.631225,0.632910,0.626051,0.625174,0.622705,0.612970,0.605897,0.596291,0.585892,0.568508,0.552015,0.522380,0.483790,0.466596,0.402735
0.168759,0.246260,0.363088,0.389712,0.391166,0.418787,0.418187,0.419609,0.436140,0.435755,0.454010,0.466472,0.484074,0.498662,0.519238,0.531041,0.539681,0.546657,0.546179,0.549102,0.567825,0.574145,0.575817,0.572473,0.574222,0.571319,0.566222,0.566934,0.563388,0.552104,0.555389,0.566587,0.567813,0.569671,0.563783,0.558808,0.550802,0.556472,0.547875,0.548753,0.549340,0.548348,0.550643,0.557654,0.547266,0.547112,0.571961,0.589836,0.615744,0.620737,0.635093,0.636245,0.651338,0.650629,0.655550,0.650670,0.662699,0.656372,0.658079,0.653112,0.650043,0.642745,0.632870,0.620128,0.605704,0.607983,0.609815,0.603401,0.602885,0.600812,0.591837,0.585338,0.576410,0.566501,0.549986,0.533929,0.505134,0.467563,0.451444,0.391251
0.188747,0.270612,0.383818,0.413274,0.418810,0.440732,0.438865,0.439258,0.452648,0.455004,0.471171,0.480718,0.493016,0.504163,0.516168,0.525565,0.530345,0.531930,0.530710,0.534783,0.551072,0.562931,0.564525,0.559511,0.557481,0.553177,0.547653,0.547234,0.544506,0.533990,0.536706,0.548317,0.549187,0.550870,0.545249,0.539444,0.531315,0.534132,0.526143,0.526589,0.527175,0.525829,0.528202,0.535139,0.526218,0.525973,0.546497,0.562284,0.585370,0.590659,0.601695,0.602260,0.613286,0.611972,0.614530,0.608887,0.615718,0.609392,0.610280,0.605196,0.601573,0.594699,0.585170,0.572667,0.558830,0.561010,0.562339,0.556688,0.556294,0.555420,0.547973,0.542290,0.534743,0.526052,0.511262,0.496775,0.469985,0.434800,0.421515,0.367180
